{"lowlevel.spectral_centroid.mean": [0.353593111038208], "lowlevel.spectral_contrast.mean": [[1.0449483394622803, 1.2273521423339844, 1.2275502681732178, 0.9938818216323853, 0.9811694622039795, 0.6057512760162354]], "lowlevel.dissonance.mean": [0.09448623657226562], "lowlevel.hfc.mean": [0.48608583211898804], "lowlevel.mfcc.mean": [[0.6381263732910156, 0.5925616025924683, 0.1638050079345703, 0.5202931761741638, 0.1482025384902954, 0.020246565341949463, 0.33207452297210693, 0.34582147002220154, 0.26333069801330566, 0.4517461061477661, 0.3776830732822418, 0.1624247133731842, 0.26639485359191895]], "sfx.logattacktime.mean": [0.5688504576683044], "sfx.inharmonicity.mean": [0.24265146255493164]}