{"lowlevel.spectral_centroid.mean": [0.43253517150878906], "lowlevel.spectral_contrast.mean": [[0.4674081802368164, 0.22426950931549072, 1.6599829196929932, 1.548986554145813, 0.9220423698425293, 0.5922822952270508]], "lowlevel.dissonance.mean": [0.3073192834854126], "lowlevel.hfc.mean": [0.48106858134269714], "lowlevel.mfcc.mean": [[0.3230172395706177, 0.22907069325447083, -0.11574044823646545, 0.199826180934906, 0.4025225043296814, 0.9311866760253906, 0.7427889108657837, 0.6879658102989197, 1.3435554504394531, 1.1506539583206177, 0.6320515275001526, -0.5816103219985962, -0.8960423469543457]], "sfx.logattacktime.mean": [0.5312578678131104], "sfx.inharmonicity.mean": [0.5608406066894531]}