{"lowlevel.spectral_centroid.mean": [0.46844226121902466], "lowlevel.spectral_contrast.mean": [[0.5560322999954224, 0.9622949361801147, 0.49634218215942383, 1.2960535287857056, 1.1976784467697144, 0.6630303859710693]], "lowlevel.dissonance.mean": [0.4808495044708252], "lowlevel.hfc.mean": [0.48127561807632446], "lowlevel.mfcc.mean": [[0.5305088758468628, 0.22409625351428986, 0.0872448980808258, 0.6257973909378052, 0.45473378896713257, 0.20661014318466187, 0.5890353918075562, 0.4409274458885193, 0.6942821741104126, 1.1027765274047852, 1.2489650249481201, 1.1441304683685303, 0.9529946446418762]], "sfx.logattacktime.mean": [0.49056127667427063], "sfx.inharmonicity.mean": [0.23272979259490967]}