{"lowlevel.spectral_centroid.mean": [0.3849545121192932], "lowlevel.spectral_contrast.mean": [[0.43474912643432617, 1.232028603553772, 0.9223896265029907, 1.0998915433883667, 0.7844929695129395, 0.4506690502166748]], "lowlevel.dissonance.mean": [0.29151153564453125], "lowlevel.hfc.mean": [0.46611735224723816], "lowlevel.mfcc.mean": [[0.30002105236053467, 0.37325215339660645, 0.028042584657669067, 0.22392979264259338, 0.4604934751987457, 0.10721048712730408, 0.28815919160842896, 0.3545585572719574, 0.5664306879043579, 1.006777286529541, 1.5860018730163574, 1.6295843124389648, 1.2215828895568848]], "sfx.logattacktime.mean": [0.4597207009792328], "sfx.inharmonicity.mean": [0.3536734879016876]}