{"lowlevel.spectral_centroid.mean": [0.3774290978908539], "lowlevel.spectral_contrast.mean": [[0.41142940521240234, 0.3489621877670288, 1.5928287506103516, 0.6725937128067017, 0.5809066295623779, 0.30503034591674805]], "lowlevel.dissonance.mean": [-0.1772405505180359], "lowlevel.hfc.mean": [0.4904513657093048], "lowlevel.mfcc.mean": [[0.4063454866409302, 0.7158879041671753, 0.32360363006591797, -0.2293107509613037, -0.01996093988418579, 0.18090561032295227, 0.5375361442565918, 1.0121043920516968, 1.2299662828445435, 0.7576393485069275, 0.12639394402503967, -0.26611143350601196, -0.49816060066223145]], "sfx.logattacktime.mean": [0.1471315622329712], "sfx.inharmonicity.mean": [0.409107506275177]}