{"lowlevel.spectral_centroid.mean": [0.36132800579071045], "lowlevel.spectral_contrast.mean": [[0.5097223520278931, 1.2879717350006104, 1.0764878988265991, 1.165892243385315, 1.0020265579223633, 0.601496696472168]], "lowlevel.dissonance.mean": [0.29286086559295654], "lowlevel.hfc.mean": [0.48324066400527954], "lowlevel.mfcc.mean": [[0.5608994960784912, 0.3813087046146393, 0.13229554891586304, 0.6400697231292725, 0.367313027381897, 0.13295114040374756, 0.3005407750606537, 0.30503734946250916, 0.0911332368850708, 0.5072551965713501, 0.8489246368408203, 1.0411694049835205, 1.2552361488342285]], "sfx.logattacktime.mean": [0.5639060735702515], "sfx.inharmonicity.mean": [0.27100592851638794]}