{"lowlevel.spectral_centroid.mean": [0.3479006290435791], "lowlevel.spectral_contrast.mean": [[0.27039408683776855, 1.5272021293640137, 1.3743258714675903, 0.7561101913452148, 0.3670380115509033, 0.34059929847717285]], "lowlevel.dissonance.mean": [-0.5504160523414612], "lowlevel.hfc.mean": [0.47220003604888916], "lowlevel.mfcc.mean": [[0.3059180974960327, 0.668503999710083, 0.600140392780304, -0.03962022066116333, -0.13455164432525635, -0.01507645845413208, 0.12018799781799316, 0.0902256965637207, 0.1408643126487732, 0.13727813959121704, 0.08523863554000854, -0.014091968536376953, 0.28986477851867676]], "sfx.logattacktime.mean": [0.4485352635383606], "sfx.inharmonicity.mean": [0.24823373556137085]}