{"lowlevel.spectral_centroid.mean": [0.38016390800476074], "lowlevel.spectral_contrast.mean": [[0.4563310146331787, 0.3657717704772949, 1.7204616069793701, 0.5188918113708496, 0.18950438499450684, 0.15003705024719238]], "lowlevel.dissonance.mean": [-0.5541019439697266], "lowlevel.hfc.mean": [0.5043080449104309], "lowlevel.mfcc.mean": [[0.36554408073425293, 0.7445120811462402, 0.5276291370391846, -0.2723681330680847, -0.30686700344085693, 0.1810148060321808, 0.8119081258773804, 1.0790085792541504, 1.025731086730957, 0.6974547505378723, 0.16870921850204468, -0.44274717569351196, -0.6242918968200684]], "sfx.logattacktime.mean": [0.25147008895874023], "sfx.inharmonicity.mean": [0.3808276057243347]}