{"lowlevel.spectral_centroid.mean": [0.35114508867263794], "lowlevel.spectral_contrast.mean": [[0.3334287405014038, 1.2821221351623535, 0.8747178316116333, 0.4453141689300537, 0.23278069496154785, 0.2157590389251709]], "lowlevel.dissonance.mean": [-0.37835752964019775], "lowlevel.hfc.mean": [0.4756268858909607], "lowlevel.mfcc.mean": [[0.2990068197250366, 0.6622605323791504, 0.6182997226715088, -0.08403068780899048, -0.4189687967300415, -0.40992414951324463, 0.013965874910354614, 0.4192168414592743, 0.7022885084152222, 0.7994484901428223, 0.8593131303787231, 0.9229239225387573, 1.0290324687957764]], "sfx.logattacktime.mean": [0.2315913438796997], "sfx.inharmonicity.mean": [0.29161810874938965]}