{"lowlevel.spectral_centroid.mean": [0.38411882519721985], "lowlevel.spectral_contrast.mean": [[0.5312920808792114, 1.2166783809661865, 1.1312439441680908, 1.200852870941162, 0.9630608558654785, 0.5804011821746826]], "lowlevel.dissonance.mean": [0.248748779296875], "lowlevel.hfc.mean": [0.4749561846256256], "lowlevel.mfcc.mean": [[0.5504297018051147, 0.47230222821235657, 0.07891577482223511, 0.4860440492630005, 0.39841654896736145, 0.2548854649066925, 0.19331049919128418, 0.13708946108818054, 0.15349048376083374, 0.4680633246898651, 0.3844284415245056, 0.6852914094924927, 0.9066568613052368]], "sfx.logattacktime.mean": [0.5420470237731934], "sfx.inharmonicity.mean": [0.2609928846359253]}