{"lowlevel.spectral_centroid.mean": [0.3850182294845581], "lowlevel.spectral_contrast.mean": [[0.2664966583251953, 0.29013609886169434, 1.814746618270874, 1.0755133628845215, 0.5122685432434082, 0.16534042358398438]], "lowlevel.dissonance.mean": [-0.39899593591690063], "lowlevel.hfc.mean": [0.5160389542579651], "lowlevel.mfcc.mean": [[0.4001692533493042, 0.6849848031997681, 0.26185160875320435, -0.42759788036346436, -0.1005522608757019, 0.3764074742794037, 0.7266808152198792, 0.960369348526001, 1.183807373046875, 1.0136804580688477, 0.42160481214523315, -0.3145298361778259, -0.7175596952438354]], "sfx.logattacktime.mean": [0.19700497388839722], "sfx.inharmonicity.mean": [0.3562965989112854]}