{"lowlevel.spectral_centroid.mean": [0.3441842496395111], "lowlevel.spectral_contrast.mean": [[0.44355106353759766, 1.4732940196990967, 1.2753888368606567, 0.7399357557296753, 0.3547325134277344, 0.3452126979827881]], "lowlevel.dissonance.mean": [-0.486927330493927], "lowlevel.hfc.mean": [0.47030070424079895], "lowlevel.mfcc.mean": [[0.2922741174697876, 0.6517094373703003, 0.648470938205719, 0.07578915357589722, -0.04930347204208374, -0.01679369807243347, 0.06173574924468994, -0.0017908811569213867, 0.018524497747421265, 0.019172191619873047, -0.003344297409057617, -0.09229046106338501, 0.16616591811180115]], "sfx.logattacktime.mean": [0.1370086669921875], "sfx.inharmonicity.mean": [0.2291848361492157]}