{"lowlevel.spectral_centroid.mean": [0.43723732233047485], "lowlevel.spectral_contrast.mean": [[0.3362182378768921, 0.1290971040725708, 0.5444362163543701, 1.8714451789855957, 0.5925462245941162, 0.33484315872192383]], "lowlevel.dissonance.mean": [0.15925288200378418], "lowlevel.hfc.mean": [0.48073509335517883], "lowlevel.mfcc.mean": [[0.22559094429016113, 0.3561103045940399, 0.2100750207901001, -0.2024853229522705, 0.45294371247291565, 1.3141132593154907, 1.5016683340072632, 0.6009088754653931, -0.5138989090919495, -0.5774576663970947, 0.7742854952812195, 1.792706847190857, 1.1488158702850342]], "sfx.logattacktime.mean": [0.18164867162704468], "sfx.inharmonicity.mean": [0.5667762756347656]}