{"lowlevel.spectral_centroid.mean": [0.37530726194381714], "lowlevel.spectral_contrast.mean": [[0.40061843395233154, 0.13379991054534912, 1.5036042928695679, 1.045086145401001, 0.7083888053894043, 0.35056591033935547]], "lowlevel.dissonance.mean": [-0.11352419853210449], "lowlevel.hfc.mean": [0.4698243737220764], "lowlevel.mfcc.mean": [[0.2233283519744873, 0.39226990938186646, 0.17982348799705505, -0.11777448654174805, 0.3684600591659546, 0.4966759979724884, 0.6194927096366882, 0.9412930011749268, 1.3086051940917969, 1.3838098049163818, 1.033653736114502, 0.2307538092136383, -0.45542043447494507]], "sfx.logattacktime.mean": [0.46335962414741516], "sfx.inharmonicity.mean": [0.4212005138397217]}