{"lowlevel.spectral_centroid.mean": [0.4116479754447937], "lowlevel.spectral_contrast.mean": [[0.5010035037994385, 0.6241840124130249, 0.7142913341522217, 0.6137385368347168, 0.6309161186218262, 0.5725371837615967]], "lowlevel.dissonance.mean": [0.29387712478637695], "lowlevel.hfc.mean": [0.4655015766620636], "lowlevel.mfcc.mean": [[0.09320926666259766, 0.3391837775707245, 0.4298960566520691, 0.2805231511592865, 0.2756526470184326, 0.31326737999916077, 0.4150124788284302, 0.45685553550720215, 0.4354814291000366, 0.31270235776901245, 0.4080659747123718, 0.5718181133270264, 0.6547281742095947]], "sfx.logattacktime.mean": [0.287838339805603], "sfx.inharmonicity.mean": [0.644801139831543]}