{"lowlevel.spectral_centroid.mean": [0.4960724115371704], "lowlevel.spectral_contrast.mean": [[0.3190591335296631, 0.828360915184021, 0.9454610347747803, 1.8194459676742554, 1.06440007686615, 0.6534435749053955]], "lowlevel.dissonance.mean": [0.5239893198013306], "lowlevel.hfc.mean": [0.4889109432697296], "lowlevel.mfcc.mean": [[0.27983391284942627, 0.285426527261734, -0.009512245655059814, 0.036608219146728516, 0.6761735677719116, 0.8984400033950806, 0.4885445833206177, -0.3156154751777649, 0.12077724933624268, 1.8067829608917236, 1.8332419395446777, -0.37051069736480713, -0.8088219165802002]], "sfx.logattacktime.mean": [0.1533348560333252], "sfx.inharmonicity.mean": [0.6552764177322388]}