{"lowlevel.spectral_centroid.mean": [0.40423813462257385], "lowlevel.spectral_contrast.mean": [[0.5278505086898804, 0.15244901180267334, 1.2876620292663574, 0.9917144775390625, 0.574871301651001, 0.407667875289917]], "lowlevel.dissonance.mean": [0.1085273027420044], "lowlevel.hfc.mean": [0.4655870199203491], "lowlevel.mfcc.mean": [[0.16426408290863037, 0.2711382508277893, 0.21116796135902405, 0.1247825026512146, 0.5407106280326843, 0.6920257210731506, 1.0376265048980713, 1.2084208726882935, 0.9389887452125549, 0.2649022340774536, -0.2939905524253845, -0.03824561834335327, 1.4750077724456787]], "sfx.logattacktime.mean": [0.417060911655426], "sfx.inharmonicity.mean": [0.43417924642562866]}