{"lowlevel.spectral_centroid.mean": [0.3454218804836273], "lowlevel.spectral_contrast.mean": [[0.6764459609985352, 1.2506248950958252, 1.2656506299972534, 0.8282562494277954, 0.37398767471313477, 0.3517313003540039]], "lowlevel.dissonance.mean": [-0.03720653057098389], "lowlevel.hfc.mean": [0.46552157402038574], "lowlevel.mfcc.mean": [[0.24306237697601318, 0.5257805585861206, 0.4195755124092102, -0.08635082840919495, 0.29285597801208496, 0.7058031558990479, 0.6378142833709717, 0.17786085605621338, -0.03708070516586304, -0.11444449424743652, -0.03954046964645386, 0.2056257724761963, 0.7794297933578491]], "sfx.logattacktime.mean": [0.5344985723495483], "sfx.inharmonicity.mean": [0.23938435316085815]}