{"lowlevel.spectral_centroid.mean": [0.4220205545425415], "lowlevel.spectral_contrast.mean": [[0.4476281404495239, 0.12748372554779053, 0.18224763870239258, 1.4696338176727295, 0.9821631908416748, 0.557948112487793]], "lowlevel.dissonance.mean": [0.35061168670654297], "lowlevel.hfc.mean": [0.4797095060348511], "lowlevel.mfcc.mean": [[0.19969451427459717, 0.16466966271400452, 0.14572668075561523, 0.40142887830734253, 0.6225770711898804, 0.9809741377830505, 1.016849160194397, 0.6843727827072144, 0.041023850440979004, -0.18416309356689453, 1.4906220436096191, 1.99253511428833, 0.5192742943763733]], "sfx.logattacktime.mean": [0.5147979259490967], "sfx.inharmonicity.mean": [1.3436881303787231]}