{"lowlevel.spectral_centroid.mean": [0.4226146936416626], "lowlevel.spectral_contrast.mean": [[0.5823407173156738, 1.1538076400756836, 1.1935056447982788, 1.0897997617721558, 1.0572909116744995, 0.7293479442596436]], "lowlevel.dissonance.mean": [0.30055999755859375], "lowlevel.hfc.mean": [0.47544506192207336], "lowlevel.mfcc.mean": [[0.5205056667327881, 0.27931779623031616, 0.16985756158828735, 0.6162937879562378, 0.12208807468414307, 0.15469399094581604, 0.4564080536365509, 0.5829735398292542, 0.7629677057266235, 0.9991325736045837, 1.5024733543395996, 1.5449994802474976, 1.550014853477478]], "sfx.logattacktime.mean": [0.5248557925224304], "sfx.inharmonicity.mean": [0.4012359380722046]}