{"lowlevel.spectral_centroid.mean": [0.4859960675239563], "lowlevel.spectral_contrast.mean": [[0.45666682720184326, 0.16027867794036865, 0.20575380325317383, 1.5214247703552246, 1.335606575012207, 1.0049324035644531]], "lowlevel.dissonance.mean": [0.6456588506698608], "lowlevel.hfc.mean": [0.5152873396873474], "lowlevel.mfcc.mean": [[0.2947568893432617, 0.01889418065547943, 0.1314803659915924, 0.5074637532234192, 0.8001123666763306, 1.020581603050232, 0.7699986100196838, 0.2785055339336395, -0.12703615427017212, 1.3492178916931152, 1.855076551437378, 0.428583562374115, -0.9874563217163086]], "sfx.logattacktime.mean": [0.5904422998428345], "sfx.inharmonicity.mean": [0.7503939867019653]}