{"lowlevel.spectral_centroid.mean": [0.40325862169265747], "lowlevel.spectral_contrast.mean": [[0.41418373584747314, 1.2587032318115234, 0.9492695331573486, 1.432315707206726, 0.6937170028686523, 0.43010997772216797]], "lowlevel.dissonance.mean": [0.1810675859451294], "lowlevel.hfc.mean": [0.4673481285572052], "lowlevel.mfcc.mean": [[0.32179760932922363, 0.5047166347503662, 0.05320042371749878, -0.20108407735824585, 0.49495717883110046, 0.5373543500900269, 0.13798090815544128, -0.020058661699295044, 0.24543210864067078, 0.5906739830970764, 0.9615503549575806, 1.1984245777130127, 1.6378772258758545]], "sfx.logattacktime.mean": [0.5455333590507507], "sfx.inharmonicity.mean": [0.3799011707305908]}