{"lowlevel.spectral_centroid.mean": [0.4184918701648712], "lowlevel.spectral_contrast.mean": [[0.4371516704559326, 0.0982133150100708, 1.532437801361084, 1.0722523927688599, 0.5542020797729492, 0.5231447219848633]], "lowlevel.dissonance.mean": [-0.18993115425109863], "lowlevel.hfc.mean": [0.46782195568084717], "lowlevel.mfcc.mean": [[0.18258416652679443, 0.23452726006507874, 0.1857890784740448, 0.18797916173934937, 0.47520434856414795, 0.9119324684143066, 1.0440738201141357, 1.0252386331558228, 1.0437493324279785, -0.2110905647277832, -0.686518132686615, 0.9803204536437988, 2.4032950401306152]], "sfx.logattacktime.mean": [0.5070037245750427], "sfx.inharmonicity.mean": [0.6407943964004517]}