{"lowlevel.spectral_centroid.mean": [0.5922059416770935], "lowlevel.spectral_contrast.mean": [[0.559575080871582, 0.2857450246810913, 0.34340596199035645, 1.3316621780395508, 1.1185277700424194, 1.0424580574035645]], "lowlevel.dissonance.mean": [0.6837571859359741], "lowlevel.hfc.mean": [0.4801616370677948], "lowlevel.mfcc.mean": [[0.5027581453323364, 0.11289160698652267, 0.3373883068561554, 0.4950459599494934, 0.3608115017414093, 0.7605655193328857, 0.7927672266960144, 0.3873499035835266, 0.08773025870323181, 0.09686863422393799, 2.1156938076019287, 1.074836254119873, -0.03985559940338135]], "sfx.logattacktime.mean": [0.5477831363677979], "sfx.inharmonicity.mean": [0.5483728051185608]}