{"lowlevel.spectral_centroid.mean": [0.4084007441997528], "lowlevel.spectral_contrast.mean": [[0.21863162517547607, 0.33170247077941895, 1.7407522201538086, 0.44886064529418945, 0.4480433464050293, 0.5881302356719971]], "lowlevel.dissonance.mean": [-0.34689730405807495], "lowlevel.hfc.mean": [0.5089927315711975], "lowlevel.mfcc.mean": [[0.26318061351776123, 0.4665625989437103, 0.31713739037513733, -0.27401238679885864, -0.04555368423461914, 0.5936138033866882, 1.2711663246154785, 1.369769811630249, 0.6660657525062561, -0.4867246747016907, -0.8850556015968323, 0.042836517095565796, 1.3485102653503418]], "sfx.logattacktime.mean": [0.2292085886001587], "sfx.inharmonicity.mean": [0.5201489925384521]}