{"lowlevel.spectral_centroid.mean": [0.40691885352134705], "lowlevel.spectral_contrast.mean": [[0.5443342924118042, 0.22625195980072021, 1.4206109046936035, 1.3346071243286133, 0.7194547653198242, 0.492262601852417]], "lowlevel.dissonance.mean": [0.3177196979522705], "lowlevel.hfc.mean": [0.4695006012916565], "lowlevel.mfcc.mean": [[0.18779373168945312, 0.2935575842857361, 0.16636189818382263, 0.09637993574142456, 0.6216826438903809, 0.73146653175354, 0.7179884910583496, 0.8534784913063049, 1.2348213195800781, 1.2083630561828613, 0.6551005244255066, -0.40866339206695557, -0.6807056665420532]], "sfx.logattacktime.mean": [0.48170042037963867], "sfx.inharmonicity.mean": [0.5124800205230713]}