{"lowlevel.spectral_centroid.mean": [0.4131014943122864], "lowlevel.spectral_contrast.mean": [[0.17385554313659668, 0.13218021392822266, 1.4952088594436646, 1.0964187383651733, 0.635230302810669, 0.35897207260131836]], "lowlevel.dissonance.mean": [-0.198839008808136], "lowlevel.hfc.mean": [0.4748893082141876], "lowlevel.mfcc.mean": [[0.24128997325897217, 0.33399698138237, 0.08797004818916321, -0.1267157793045044, 0.2113279104232788, 0.48816806077957153, 0.8586137294769287, 1.1420469284057617, 1.2789963483810425, 0.7677009105682373, -0.32639724016189575, -0.9344353675842285, 0.05415806174278259]], "sfx.logattacktime.mean": [0.30441364645957947], "sfx.inharmonicity.mean": [0.5138630867004395]}