{"lowlevel.spectral_centroid.mean": [0.578220784664154], "lowlevel.spectral_contrast.mean": [[0.5284532308578491, 0.25970375537872314, 1.4602010250091553, 1.0742942094802856, 1.682433009147644, 0.9517900943756104]], "lowlevel.dissonance.mean": [0.5152033567428589], "lowlevel.hfc.mean": [0.5311751365661621], "lowlevel.mfcc.mean": [[0.5902146100997925, 0.05407074838876724, 0.23663544654846191, 0.6676414608955383, 0.011130750179290771, 0.3211517632007599, 0.8400051593780518, 1.0745328664779663, 1.289101243019104, 0.8903298377990723, -0.2300606369972229, -0.2363867163658142, 0.6537038087844849]], "sfx.logattacktime.mean": [0.5552864074707031], "sfx.inharmonicity.mean": [0.5175970792770386]}