{"lowlevel.spectral_centroid.mean": [0.3594668209552765], "lowlevel.spectral_contrast.mean": [[0.2727566957473755, 1.159635066986084, 0.5926744937896729, 0.65185546875, 0.3297748565673828, 0.36209726333618164]], "lowlevel.dissonance.mean": [-0.23694294691085815], "lowlevel.hfc.mean": [0.46527785062789917], "lowlevel.mfcc.mean": [[0.14361488819122314, 0.34172993898391724, 0.45449650287628174, 0.12144014239311218, 0.19949421286582947, 0.15565302968025208, 0.028377443552017212, 0.02137857675552368, 0.46452564001083374, 0.9687587022781372, 1.293578863143921, 1.3495457172393799, 1.2639719247817993]], "sfx.logattacktime.mean": [0.4448048174381256], "sfx.inharmonicity.mean": [0.3759521245956421]}