{"lowlevel.spectral_centroid.mean": [0.3831411898136139], "lowlevel.spectral_contrast.mean": [[0.276320219039917, 0.22568905353546143, 1.7393722534179688, 1.0016878843307495, 0.36768293380737305, 0.1595313549041748]], "lowlevel.dissonance.mean": [-0.4298843741416931], "lowlevel.hfc.mean": [0.5108473896980286], "lowlevel.mfcc.mean": [[0.3735978603363037, 0.7009562253952026, 0.3367507755756378, -0.3999190926551819, -0.1210828423500061, 0.4556887447834015, 0.8225338459014893, 0.9510266780853271, 1.1188971996307373, 0.9915971755981445, 0.48155689239501953, -0.29958951473236084, -0.8209869861602783]], "sfx.logattacktime.mean": [0.22894743084907532], "sfx.inharmonicity.mean": [0.4620095491409302]}