{"lowlevel.spectral_centroid.mean": [0.4668036103248596], "lowlevel.spectral_contrast.mean": [[0.25953996181488037, 0.10357224941253662, 0.19669675827026367, 1.4936916828155518, 0.9412384033203125, 0.39037513732910156]], "lowlevel.dissonance.mean": [0.4347182512283325], "lowlevel.hfc.mean": [0.4729842245578766], "lowlevel.mfcc.mean": [[0.15254473686218262, 0.16566133499145508, 0.13159528374671936, 0.2531718909740448, 0.7771614193916321, 0.8923590183258057, 0.8398537635803223, 0.04051971435546875, -0.3856799006462097, 0.8127759695053101, 1.9806556701660156, 0.6096748113632202, -0.8733566999435425]], "sfx.logattacktime.mean": [0.4670109152793884], "sfx.inharmonicity.mean": [0.7756086587905884]}