{"lowlevel.spectral_centroid.mean": [0.407268762588501], "lowlevel.spectral_contrast.mean": [[0.47508370876312256, 0.342016339302063, 1.5240849256515503, 0.4893951416015625, 0.2035219669342041, 0.2359619140625]], "lowlevel.dissonance.mean": [-0.40674257278442383], "lowlevel.hfc.mean": [0.4662160873413086], "lowlevel.mfcc.mean": [[0.14630627632141113, 0.302293598651886, 0.38022491335868835, 0.040696173906326294, 0.24303890764713287, 0.6402544379234314, 1.0510419607162476, 1.090151309967041, 0.7327535152435303, -0.026007235050201416, -0.4179677963256836, 0.0478934645652771, 1.1133500337600708]], "sfx.logattacktime.mean": [0.15362054109573364], "sfx.inharmonicity.mean": [0.35291391611099243]}