{"lowlevel.spectral_centroid.mean": [0.38582924008369446], "lowlevel.spectral_contrast.mean": [[0.4439600706100464, 0.1476459503173828, 1.4193545579910278, 0.9509005546569824, 1.0341521501541138, 0.4958524703979492]], "lowlevel.dissonance.mean": [0.12061202526092529], "lowlevel.hfc.mean": [0.4698410630226135], "lowlevel.mfcc.mean": [[0.2794632911682129, 0.29505154490470886, 0.037653446197509766, 0.1441996693611145, 0.40704748034477234, 0.5350227355957031, 0.5746302008628845, 0.9184780120849609, 1.340256690979004, 1.2845566272735596, 0.8023858070373535, 0.20404505729675293, -0.10857993364334106]], "sfx.logattacktime.mean": [0.4672716557979584], "sfx.inharmonicity.mean": [0.373346745967865]}