{"lowlevel.spectral_centroid.mean": [0.5673503875732422], "lowlevel.spectral_contrast.mean": [[0.595023512840271, 0.2722947597503662, 1.4302741289138794, 1.1774673461914062, 1.5303165912628174, 1.128507137298584]], "lowlevel.dissonance.mean": [0.5102202892303467], "lowlevel.hfc.mean": [0.5214954018592834], "lowlevel.mfcc.mean": [[0.6036638021469116, 0.029615037143230438, 0.2612963914871216, 0.7060479521751404, 0.10173305869102478, 0.389568030834198, 0.8566668033599854, 0.7492085099220276, 1.1536610126495361, 0.7529442310333252, 0.8536453247070312, 0.14511051774024963, -0.5904968976974487]], "sfx.logattacktime.mean": [0.5766871571540833], "sfx.inharmonicity.mean": [0.7601231336593628]}