{"lowlevel.spectral_centroid.mean": [0.3380252420902252], "lowlevel.spectral_contrast.mean": [[1.0085818767547607, 0.9775019884109497, 0.8932429552078247, 0.8793590068817139, 0.33983564376831055, 0.34397387504577637]], "lowlevel.dissonance.mean": [0.23241889476776123], "lowlevel.hfc.mean": [0.46572691202163696], "lowlevel.mfcc.mean": [[0.37794017791748047, 0.6615163087844849, 0.33448031544685364, -0.0055363476276397705, 0.3002859950065613, 0.6836296319961548, 0.8162131905555725, 0.3281434178352356, 0.22600293159484863, 0.318646103143692, 0.2820449471473694, -0.08927243947982788, -0.4739949107170105]], "sfx.logattacktime.mean": [0.5863300561904907], "sfx.inharmonicity.mean": [0.24883773922920227]}