{"lowlevel.spectral_centroid.mean": [0.5949666500091553], "lowlevel.spectral_contrast.mean": [[0.5648126602172852, 0.2767162322998047, 0.33125805854797363, 0.7960487604141235, 1.1268401145935059, 0.7390670776367188]], "lowlevel.dissonance.mean": [0.6883320808410645], "lowlevel.hfc.mean": [0.4787719249725342], "lowlevel.mfcc.mean": [[0.4234668016433716, 0.15041957795619965, 0.3922501802444458, 0.6133623123168945, 0.4844553768634796, 0.5718284249305725, 0.8562191724777222, 0.6282411217689514, 0.28152400255203247, 0.2777172923088074, 1.6352450847625732, 1.0416748523712158, 0.018838465213775635]], "sfx.logattacktime.mean": [0.607560396194458], "sfx.inharmonicity.mean": [0.7201452255249023]}