{"lowlevel.spectral_centroid.mean": [0.4083661437034607], "lowlevel.spectral_contrast.mean": [[0.3950824737548828, 0.14955341815948486, 1.7075483798980713, 1.0602161884307861, 1.1768683195114136, 0.6406857967376709]], "lowlevel.dissonance.mean": [-0.019097626209259033], "lowlevel.hfc.mean": [0.48260772228240967], "lowlevel.mfcc.mean": [[0.3575538396835327, 0.19323362410068512, -0.07026681303977966, 0.3029260039329529, 0.41496044397354126, 0.5328871011734009, 0.9486165046691895, 1.370507001876831, 1.0338051319122314, 0.5080238580703735, -0.3552767038345337, -0.2303442358970642, 0.6651460528373718]], "sfx.logattacktime.mean": [0.391061007976532], "sfx.inharmonicity.mean": [0.3804681897163391]}