{"lowlevel.spectral_centroid.mean": [0.34913307428359985], "lowlevel.spectral_contrast.mean": [[0.40566301345825195, 1.229102611541748, 0.9583073854446411, 1.0553884506225586, 0.44221019744873047, 0.3115530014038086]], "lowlevel.dissonance.mean": [0.10693597793579102], "lowlevel.hfc.mean": [0.46599096059799194], "lowlevel.mfcc.mean": [[0.24005985260009766, 0.4563268721103668, 0.2879379093647003, 0.0471169650554657, 0.6246582269668579, 0.6327847242355347, 0.20846408605575562, -0.10330289602279663, -0.09865891933441162, 0.1095990240573883, 0.6929644346237183, 1.1845674514770508, 1.5351550579071045]], "sfx.logattacktime.mean": [0.5824812054634094], "sfx.inharmonicity.mean": [0.31856369972229004]}