{"lowlevel.spectral_centroid.mean": [0.3928461968898773], "lowlevel.spectral_contrast.mean": [[0.4962252378463745, 0.22228360176086426, 1.6010620594024658, 1.1097582578659058, 1.0864382982254028, 0.47321605682373047]], "lowlevel.dissonance.mean": [0.1809554100036621], "lowlevel.hfc.mean": [0.4752449095249176], "lowlevel.mfcc.mean": [[0.3270965814590454, 0.25477004051208496, -0.04935184121131897, 0.13345184922218323, 0.36670857667922974, 0.41789963841438293, 0.5925078988075256, 1.2912834882736206, 1.5887627601623535, 1.3838205337524414, 0.5327770709991455, -0.4683467149734497, -0.6484699249267578]], "sfx.logattacktime.mean": [0.680980920791626], "sfx.inharmonicity.mean": [0.4734664559364319]}