{"lowlevel.spectral_centroid.mean": [0.35091325640678406], "lowlevel.spectral_contrast.mean": [[0.6693887114524841, 1.2827677726745605, 1.2495932579040527, 1.0648947954177856, 0.9045710563659668, 0.530794620513916]], "lowlevel.dissonance.mean": [0.18299376964569092], "lowlevel.hfc.mean": [0.49127763509750366], "lowlevel.mfcc.mean": [[0.6279681921005249, 0.6192201972007751, 0.16654309630393982, 0.40273067355155945, 0.21896034479141235, 0.17651546001434326, 0.38413017988204956, 0.26401472091674805, 0.13191747665405273, 0.35857269167900085, 0.43165114521980286, 0.4288780093193054, 0.7991964817047119]], "sfx.logattacktime.mean": [0.5130895972251892], "sfx.inharmonicity.mean": [0.4354287385940552]}