{"lowlevel.spectral_centroid.mean": [0.4142676591873169], "lowlevel.spectral_contrast.mean": [[0.48386335372924805, 0.10903692245483398, 1.2996848821640015, 1.2878822088241577, 1.097922444343567, 0.5382950305938721]], "lowlevel.dissonance.mean": [0.06331360340118408], "lowlevel.hfc.mean": [0.4724157154560089], "lowlevel.mfcc.mean": [[0.19294977188110352, 0.21781882643699646, 0.15378722548484802, 0.3167486786842346, 0.5923289060592651, 0.8847242593765259, 1.1801793575286865, 0.9347881078720093, 0.4068635106086731, -0.2554347515106201, 0.26546716690063477, 1.8714184761047363, 2.0647783279418945]], "sfx.logattacktime.mean": [0.5889155268669128], "sfx.inharmonicity.mean": [0.6002748608589172]}