{"lowlevel.spectral_centroid.mean": [0.43780845403671265], "lowlevel.spectral_contrast.mean": [[0.250677227973938, 0.32843029499053955, 0.5003477334976196, 1.6477974653244019, 0.4643111228942871, 0.2720203399658203]], "lowlevel.dissonance.mean": [0.3674980401992798], "lowlevel.hfc.mean": [0.4748598039150238], "lowlevel.mfcc.mean": [[0.23166656494140625, 0.3787802457809448, 0.15080013871192932, -0.23651576042175293, 0.5207278728485107, 1.3132119178771973, 1.3081412315368652, 0.35189300775527954, -0.4457160234451294, -0.2086331844329834, 0.9912974834442139, 1.6148508787155151, 0.8558415174484253]], "sfx.logattacktime.mean": [0.1537630558013916], "sfx.inharmonicity.mean": [0.564363956451416]}