{"lowlevel.spectral_centroid.mean": [0.338752806186676], "lowlevel.spectral_contrast.mean": [[0.37418293952941895, 1.4977184534072876, 1.1681668758392334, 0.40244150161743164, 0.2828817367553711, 0.3110368251800537]], "lowlevel.dissonance.mean": [-0.6740623712539673], "lowlevel.hfc.mean": [0.47033703327178955], "lowlevel.mfcc.mean": [[0.23943006992340088, 0.6022123098373413, 0.7813947200775146, 0.3304392099380493, 0.06389468908309937, -0.029169827699661255, 0.14607882499694824, 0.24772600829601288, 0.2777560353279114, 0.1660831868648529, 0.09709811210632324, 0.11213788390159607, 0.514407753944397]], "sfx.logattacktime.mean": [0.2071058452129364], "sfx.inharmonicity.mean": [0.1970272660255432]}