{"lowlevel.spectral_centroid.mean": [0.3402620553970337], "lowlevel.spectral_contrast.mean": [[1.0147714614868164, 0.6766126155853271, 1.04008150100708, 0.5627102851867676, 0.394744873046875, 0.5979268550872803]], "lowlevel.dissonance.mean": [-0.014335155487060547], "lowlevel.hfc.mean": [0.4655093550682068], "lowlevel.mfcc.mean": [[0.3299388885498047, 0.5759321451187134, 0.4093284606933594, 0.20648527145385742, 0.09798270463943481, 0.15081244707107544, 0.41717013716697693, 0.3540182113647461, 0.22863414883613586, -0.04249197244644165, 0.11988985538482666, -0.1206011176109314, -0.35609811544418335]], "sfx.logattacktime.mean": [0.5486909747123718], "sfx.inharmonicity.mean": [0.28437021374702454]}