{"lowlevel.spectral_centroid.mean": [0.5197081565856934], "lowlevel.spectral_contrast.mean": [[0.5975354909896851, 0.17309987545013428, 0.2129976749420166, 1.2090109586715698, 1.0108768939971924, 0.6503121852874756]], "lowlevel.dissonance.mean": [0.7148779630661011], "lowlevel.hfc.mean": [0.4657028317451477], "lowlevel.mfcc.mean": [[0.15620934963226318, 0.11233330518007278, 0.2829926311969757, 0.6472035646438599, 0.738214373588562, 0.7781509160995483, 0.6993634104728699, 0.1545170247554779, 0.5381178855895996, 1.503157615661621, 1.257136344909668, -0.5780649185180664, 0.4857245981693268]], "sfx.logattacktime.mean": [0.5685791969299316], "sfx.inharmonicity.mean": [0.6330575942993164]}