{"lowlevel.spectral_centroid.mean": [0.44504427909851074], "lowlevel.spectral_contrast.mean": [[0.6111661195755005, 0.6276805400848389, 0.7101949453353882, 1.8847793340682983, 0.7703754901885986, 0.2664303779602051]], "lowlevel.dissonance.mean": [0.3659806251525879], "lowlevel.hfc.mean": [0.4960305094718933], "lowlevel.mfcc.mean": [[0.3456026315689087, 0.49464496970176697, 0.09989577531814575, -0.17594695091247559, 0.47352826595306396, 1.0191595554351807, 1.0391769409179688, 0.08643919229507446, -0.8431915640830994, -0.7006752490997314, 0.6065276861190796, 1.6051944494247437, 0.918967604637146]], "sfx.logattacktime.mean": [0.29426321387290955], "sfx.inharmonicity.mean": [0.3919626474380493]}