{"lowlevel.spectral_centroid.mean": [0.350021630525589], "lowlevel.spectral_contrast.mean": [[0.2372729778289795, 1.3346253633499146, 1.0498138666152954, 0.9261173009872437, 0.4473555088043213, 0.3761911392211914]], "lowlevel.dissonance.mean": [0.09393513202667236], "lowlevel.hfc.mean": [0.46675434708595276], "lowlevel.mfcc.mean": [[0.3522235155105591, 0.543891191482544, 0.22326326370239258, 0.049261122941970825, 0.36242538690567017, 0.43098264932632446, 0.18914684653282166, -0.21340715885162354, -0.48454564809799194, -0.25598591566085815, 0.30383026599884033, 0.5577911734580994, 0.9434137344360352]], "sfx.logattacktime.mean": [0.38347625732421875], "sfx.inharmonicity.mean": [1.7953219413757324]}