{"lowlevel.spectral_centroid.mean": [0.5234793424606323], "lowlevel.spectral_contrast.mean": [[0.6310139894485474, 0.2772989273071289, 1.1950889825820923, 1.0238491296768188, 1.396841287612915, 0.8927297592163086]], "lowlevel.dissonance.mean": [0.5746605396270752], "lowlevel.hfc.mean": [0.5060067176818848], "lowlevel.mfcc.mean": [[0.5049593448638916, 0.10950972139835358, 0.3333115577697754, 0.6055604219436646, 0.3952251970767975, 0.6993385553359985, 0.9868650436401367, 0.9292059540748596, 0.748397946357727, 0.24638092517852783, -0.23265308141708374, 1.1148653030395508, 2.1066505908966064]], "sfx.logattacktime.mean": [0.5809109210968018], "sfx.inharmonicity.mean": [0.5217853784561157]}