{"lowlevel.spectral_centroid.mean": [0.40619003772735596], "lowlevel.spectral_contrast.mean": [[0.24899566173553467, 0.39118683338165283, 1.7721173763275146, 0.2731139659881592, 0.48696327209472656, 0.6472976207733154]], "lowlevel.dissonance.mean": [-0.28963321447372437], "lowlevel.hfc.mean": [0.49120378494262695], "lowlevel.mfcc.mean": [[0.25038421154022217, 0.4500957131385803, 0.3730390667915344, -0.1585332751274109, -0.060273826122283936, 0.5938364267349243, 1.4019572734832764, 1.5044002532958984, 0.7041448950767517, -0.5097930431365967, -0.6396730542182922, 0.39492353796958923, 1.3913185596466064]], "sfx.logattacktime.mean": [0.1789436936378479], "sfx.inharmonicity.mean": [0.4195265769958496]}