{"lowlevel.spectral_centroid.mean": [0.4675053358078003], "lowlevel.spectral_contrast.mean": [[0.5041675567626953, 0.1761699914932251, 0.19952893257141113, 1.4914696216583252, 0.9293701648712158, 0.6336684226989746]], "lowlevel.dissonance.mean": [0.6906541585922241], "lowlevel.hfc.mean": [0.47141993045806885], "lowlevel.mfcc.mean": [[0.18888497352600098, 0.09905125945806503, 0.1941947638988495, 0.5619374513626099, 0.7478420734405518, 0.982780396938324, 0.7846697568893433, -0.08146578073501587, 0.20587846636772156, 1.480791449546814, 1.7839713096618652, -0.19112801551818848, -0.49782466888427734]], "sfx.logattacktime.mean": [0.4819148778915405], "sfx.inharmonicity.mean": [0.677983283996582]}