{"lowlevel.spectral_centroid.mean": [0.40814119577407837], "lowlevel.spectral_contrast.mean": [[0.4707556962966919, 0.6484084129333496, 1.5524647235870361, 0.6979019641876221, 0.3135855197906494, 0.30518293380737305]], "lowlevel.dissonance.mean": [-0.32851457595825195], "lowlevel.hfc.mean": [0.4670136570930481], "lowlevel.mfcc.mean": [[0.17525136470794678, 0.34213507175445557, 0.34030333161354065, -0.05491754412651062, 0.18271395564079285, 0.6126917600631714, 1.0434837341308594, 1.1256616115570068, 0.8050626516342163, 0.11582249402999878, -0.2961229085922241, 0.07854270935058594, 1.0795669555664062]], "sfx.logattacktime.mean": [0.16010171175003052], "sfx.inharmonicity.mean": [0.41644132137298584]}