{"lowlevel.spectral_centroid.mean": [0.32844290137290955], "lowlevel.spectral_contrast.mean": [[0.978898286819458, 0.8584184646606445, 0.8244922161102295, 0.6258993148803711, 0.3512711524963379, 0.3496706485748291]], "lowlevel.dissonance.mean": [-0.07795077562332153], "lowlevel.hfc.mean": [0.46515318751335144], "lowlevel.mfcc.mean": [[0.21882033348083496, 0.5265299081802368, 0.6190614700317383, 0.2386302798986435, 0.29911673069000244, 0.4260322153568268, 0.5290836095809937, 0.33746767044067383, 0.14177575707435608, 0.057023584842681885, 0.1430089771747589, 0.08992338180541992, -0.04062169790267944]], "sfx.logattacktime.mean": [0.37567463517189026], "sfx.inharmonicity.mean": [0.2410530000925064]}