{"lowlevel.spectral_centroid.mean": [0.3719058036804199], "lowlevel.spectral_contrast.mean": [[0.4989454746246338, 0.9926317930221558, 1.33841073513031, 1.0436668395996094, 0.3781414031982422, 0.3796041011810303]], "lowlevel.dissonance.mean": [0.05722939968109131], "lowlevel.hfc.mean": [0.46595120429992676], "lowlevel.mfcc.mean": [[0.18915915489196777, 0.3699582815170288, 0.27361899614334106, -0.06816107034683228, 0.3592081665992737, 0.5435647368431091, 0.4700402021408081, 0.5894926190376282, 1.1881022453308105, 1.5950298309326172, 1.4182597398757935, 0.8076604604721069, 0.1266157329082489]], "sfx.logattacktime.mean": [0.6508356332778931], "sfx.inharmonicity.mean": [0.9616408348083496]}