{"lowlevel.spectral_centroid.mean": [0.3640592098236084], "lowlevel.spectral_contrast.mean": [[0.42659807205200195, 1.3064756393432617, 1.218535304069519, 0.9312711954116821, 0.766674280166626, 0.40169811248779297]], "lowlevel.dissonance.mean": [0.12254118919372559], "lowlevel.hfc.mean": [0.46628838777542114], "lowlevel.mfcc.mean": [[0.3321486711502075, 0.522270143032074, 0.11139479279518127, 0.024284660816192627, 0.6335363388061523, 0.5234871506690979, 0.32109755277633667, -0.006878882646560669, -0.39379459619522095, -0.4761861562728882, 0.19418764114379883, 1.0652399063110352, 1.620407223701477]], "sfx.logattacktime.mean": [0.5947615504264832], "sfx.inharmonicity.mean": [0.26502734422683716]}