{"lowlevel.spectral_centroid.mean": [0.44182008504867554], "lowlevel.spectral_contrast.mean": [[0.13847589492797852, 0.13832378387451172, 0.5041447877883911, 1.942284107208252, 0.5789487361907959, 0.31920528411865234]], "lowlevel.dissonance.mean": [0.18568360805511475], "lowlevel.hfc.mean": [0.5071240663528442], "lowlevel.mfcc.mean": [[0.24454855918884277, 0.3363267183303833, 0.06312623620033264, -0.30090510845184326, 0.49000152945518494, 1.3068747520446777, 1.3700296878814697, 0.43409305810928345, -0.6766232848167419, -0.6744303703308105, 0.9717519879341125, 2.0086421966552734, 0.8777520060539246]], "sfx.logattacktime.mean": [0.25467804074287415], "sfx.inharmonicity.mean": [0.5848958492279053]}