{"lowlevel.spectral_centroid.mean": [0.4542768895626068], "lowlevel.spectral_contrast.mean": [[0.5232497453689575, 0.17409777641296387, 0.22494792938232422, 1.3182995319366455, 0.977365255355835, 0.42593932151794434]], "lowlevel.dissonance.mean": [0.6100101470947266], "lowlevel.hfc.mean": [0.4676884114742279], "lowlevel.mfcc.mean": [[0.15194344520568848, 0.1667507141828537, 0.22010841965675354, 0.46471133828163147, 0.76160728931427, 0.8045022487640381, 0.9465951919555664, 0.43987491726875305, -0.17845916748046875, 0.715721607208252, 2.010287284851074, 0.950435996055603, -0.566347599029541]], "sfx.logattacktime.mean": [0.6710732579231262], "sfx.inharmonicity.mean": [0.49911510944366455]}