{"lowlevel.spectral_centroid.mean": [0.40403982996940613], "lowlevel.spectral_contrast.mean": [[0.32363736629486084, 1.2533512115478516, 1.3197273015975952, 0.627471923828125, 0.5610795021057129, 0.5592098236083984]], "lowlevel.dissonance.mean": [0.11323308944702148], "lowlevel.hfc.mean": [0.46818840503692627], "lowlevel.mfcc.mean": [[0.3169271945953369, 0.417903870344162, 0.007260113954544067, -0.04656735062599182, 0.16492894291877747, 0.21884840726852417, 0.7497394680976868, 0.7067550420761108, 0.35146355628967285, 0.41730618476867676, 1.1591241359710693, 1.4941049814224243, 1.1713900566101074]], "sfx.logattacktime.mean": [0.47995758056640625], "sfx.inharmonicity.mean": [0.3361448645591736]}