{"lowlevel.spectral_centroid.mean": [0.3313700556755066], "lowlevel.spectral_contrast.mean": [[0.5236446857452393, 1.1896870136260986, 1.0000989437103271, 0.689987063407898, 0.3290987014770508, 0.34429168701171875]], "lowlevel.dissonance.mean": [0.036589741706848145], "lowlevel.hfc.mean": [0.465366393327713], "lowlevel.mfcc.mean": [[0.2198195457458496, 0.5005461573600769, 0.49210578203201294, 0.04270586371421814, 0.3189641833305359, 0.6741228103637695, 0.62344890832901, 0.046318620443344116, -0.32451343536376953, -0.2625277638435364, 0.1840047538280487, 0.6207019686698914, 1.1082547903060913]], "sfx.logattacktime.mean": [0.46258342266082764], "sfx.inharmonicity.mean": [0.33187490701675415]}