{"lowlevel.spectral_centroid.mean": [0.3730037212371826], "lowlevel.spectral_contrast.mean": [[0.6015843152999878, 1.2941415309906006, 1.1318621635437012, 1.1799472570419312, 1.177126169204712, 0.676276683807373]], "lowlevel.dissonance.mean": [0.2938058376312256], "lowlevel.hfc.mean": [0.4829683005809784], "lowlevel.mfcc.mean": [[0.5635507106781006, 0.2968248128890991, 0.09732002019882202, 0.6132466793060303, 0.23140138387680054, 0.020380020141601562, 0.3649594485759735, 0.33990246057510376, 0.5701400637626648, 0.8290392160415649, 0.9636071920394897, 1.5496824979782104, 1.8681600093841553]], "sfx.logattacktime.mean": [0.5284382700920105], "sfx.inharmonicity.mean": [0.21736986935138702]}