{"lowlevel.spectral_centroid.mean": [0.49181067943573], "lowlevel.spectral_contrast.mean": [[0.3167363405227661, 0.3865138292312622, 0.5322704315185547, 1.8160982131958008, 0.9235262870788574, 0.5529458522796631]], "lowlevel.dissonance.mean": [0.6980069875717163], "lowlevel.hfc.mean": [0.5049729347229004], "lowlevel.mfcc.mean": [[0.26595616340637207, 0.2945424020290375, -0.05599603056907654, 0.03448513150215149, 1.0199604034423828, 1.31758451461792, 0.4944147765636444, -0.5811062455177307, 0.0553644597530365, 1.635331392288208, 1.574592113494873, -0.2296181321144104, -0.46990370750427246]], "sfx.logattacktime.mean": [0.37062376737594604], "sfx.inharmonicity.mean": [0.9303667545318604]}