{"lowlevel.spectral_centroid.mean": [0.41249656677246094], "lowlevel.spectral_contrast.mean": [[0.416009783744812, 0.670988917350769, 1.5066372156143188, 0.7814360857009888, 0.34526944160461426, 0.2609536647796631]], "lowlevel.dissonance.mean": [-0.334999144077301], "lowlevel.hfc.mean": [0.46727946400642395], "lowlevel.mfcc.mean": [[0.18030142784118652, 0.3280898928642273, 0.30139583349227905, -0.08001500368118286, 0.15034997463226318, 0.5386752486228943, 0.9620339870452881, 1.0518717765808105, 0.7451553344726562, 0.11370101571083069, -0.2511855363845825, 0.10416775941848755, 1.0366475582122803]], "sfx.logattacktime.mean": [0.16815847158432007], "sfx.inharmonicity.mean": [0.3446696698665619]}