{"lowlevel.spectral_centroid.mean": [0.41610485315322876], "lowlevel.spectral_contrast.mean": [[0.2247471809387207, 0.22983121871948242, 1.7449089288711548, 1.1435635089874268, 0.6742351055145264, 0.3899838924407959]], "lowlevel.dissonance.mean": [-0.04357677698135376], "lowlevel.hfc.mean": [0.5149757862091064], "lowlevel.mfcc.mean": [[0.281705379486084, 0.38298311829566956, 0.126828134059906, -0.09002172946929932, 0.32199472188949585, 0.628156840801239, 1.1762021780014038, 1.3679358959197998, 0.8559811115264893, -0.12716662883758545, -0.931812584400177, -0.4924820065498352, 1.4966700077056885]], "sfx.logattacktime.mean": [0.35223162174224854], "sfx.inharmonicity.mean": [0.45661285519599915]}