{"lowlevel.spectral_centroid.mean": [0.35521650314331055], "lowlevel.spectral_contrast.mean": [[0.39171361923217773, 1.389784812927246, 0.6049041748046875, 0.8198556900024414, 0.5338101387023926, 0.3719606399536133]], "lowlevel.dissonance.mean": [-0.3948240876197815], "lowlevel.hfc.mean": [0.46818870306015015], "lowlevel.mfcc.mean": [[0.23346078395843506, 0.45379456877708435, 0.3152892589569092, -0.042809903621673584, 0.21114560961723328, 0.13934126496315002, 0.0689670741558075, 0.4103087782859802, 1.1902345418930054, 1.6696319580078125, 1.6700026988983154, 1.4497501850128174, 0.9395173192024231]], "sfx.logattacktime.mean": [0.5970078110694885], "sfx.inharmonicity.mean": [0.3983305096626282]}