{"lowlevel.spectral_centroid.mean": [0.4742538332939148], "lowlevel.spectral_contrast.mean": [[0.5206438302993774, 0.19177281856536865, 0.2476654052734375, 1.348996639251709, 1.176302194595337, 0.5141408443450928]], "lowlevel.dissonance.mean": [0.5595978498458862], "lowlevel.hfc.mean": [0.467042475938797], "lowlevel.mfcc.mean": [[0.19647479057312012, 0.1890369951725006, 0.1582947075366974, 0.41487789154052734, 0.6161859631538391, 0.947715163230896, 1.1931020021438599, 0.8698030114173889, 0.11701759696006775, -0.3925321102142334, 0.9999333024024963, 2.362473726272583, 1.1876068115234375]], "sfx.logattacktime.mean": [0.32893645763397217], "sfx.inharmonicity.mean": [0.6230907440185547]}