{"lowlevel.spectral_centroid.mean": [0.3548579514026642], "lowlevel.spectral_contrast.mean": [[0.43126165866851807, 1.3284732103347778, 0.9875068664550781, 0.8373911380767822, 0.39359116554260254, 0.4013795852661133]], "lowlevel.dissonance.mean": [-0.11079329252243042], "lowlevel.hfc.mean": [0.466585248708725], "lowlevel.mfcc.mean": [[0.21814465522766113, 0.4433209002017975, 0.35471493005752563, -0.01931363344192505, 0.24564412236213684, 0.3072437644004822, 0.2230600118637085, 0.19434353709220886, 0.5980711579322815, 1.1387834548950195, 1.4793567657470703, 1.6163910627365112, 1.6915348768234253]], "sfx.logattacktime.mean": [0.5319805145263672], "sfx.inharmonicity.mean": [0.33876174688339233]}