{"lowlevel.spectral_centroid.mean": [0.3394765555858612], "lowlevel.spectral_contrast.mean": [[0.3649865388870239, 1.518620491027832, 1.1498078107833862, 0.33028411865234375, 0.3141474723815918, 0.29778194427490234]], "lowlevel.dissonance.mean": [-0.6095513701438904], "lowlevel.hfc.mean": [0.4716545641422272], "lowlevel.mfcc.mean": [[0.27009594440460205, 0.6514245271682739, 0.783324122428894, 0.2943200469017029, -0.008688777685165405, -0.15097612142562866, 0.02088034152984619, 0.19714391231536865, 0.2728915214538574, 0.13344836235046387, 0.025154680013656616, 0.02681031823158264, 0.4526923894882202]], "sfx.logattacktime.mean": [0.2726331353187561], "sfx.inharmonicity.mean": [0.21288594603538513]}