{"lowlevel.spectral_centroid.mean": [0.36395490169525146], "lowlevel.spectral_contrast.mean": [[0.26716601848602295, 1.2627575397491455, 0.9954147338867188, 0.9987120628356934, 0.40263867378234863, 0.3722703456878662]], "lowlevel.dissonance.mean": [0.16488051414489746], "lowlevel.hfc.mean": [0.46614035964012146], "lowlevel.mfcc.mean": [[0.3087184429168701, 0.4816325604915619, 0.1545451581478119, -0.04792684316635132, 0.293519526720047, 0.4769071638584137, 0.4151930809020996, -0.1509084701538086, -0.16223931312561035, 0.37786945700645447, 0.7227823138237, 0.765272855758667, 1.2641918659210205]], "sfx.logattacktime.mean": [0.4376526474952698], "sfx.inharmonicity.mean": [0.3085351586341858]}