{"lowlevel.spectral_centroid.mean": [0.38054633140563965], "lowlevel.spectral_contrast.mean": [[0.35482680797576904, 0.2172374725341797, 1.7443687915802002, 0.7342554330825806, 0.30593061447143555, 0.1733999252319336]], "lowlevel.dissonance.mean": [-0.38328200578689575], "lowlevel.hfc.mean": [0.508888840675354], "lowlevel.mfcc.mean": [[0.377460241317749, 0.7116599082946777, 0.397088885307312, -0.38167208433151245, -0.22103482484817505, 0.35473310947418213, 0.9268720149993896, 1.1492724418640137, 1.1076421737670898, 0.7554389834403992, 0.20257821679115295, -0.45154517889022827, -0.7062041759490967]], "sfx.logattacktime.mean": [0.2306324541568756], "sfx.inharmonicity.mean": [0.4571167230606079]}