{"lowlevel.spectral_centroid.mean": [0.3368707299232483], "lowlevel.spectral_contrast.mean": [[0.9986767768859863, 0.7702163457870483, 0.5697319507598877, 0.538153886795044, 0.410114049911499, 0.6353356838226318]], "lowlevel.dissonance.mean": [0.25935351848602295], "lowlevel.hfc.mean": [0.4653662145137787], "lowlevel.mfcc.mean": [[0.34340715408325195, 0.5756202936172485, 0.4222831428050995, 0.4176536798477173, 0.3164541721343994, 0.2896842658519745, 0.6556918025016785, 0.4667305052280426, 0.14258527755737305, -0.09844779968261719, -0.027007222175598145, -0.3440682888031006, -0.6157851219177246]], "sfx.logattacktime.mean": [0.6731964945793152], "sfx.inharmonicity.mean": [0.2851015329360962]}